<?xml version="1.0" encoding="UTF-8"?>
<configuration debug="false" scan="true" scanPeriod="60000">
    <!-- 应用名称 -->
    <property name="APP_NAME" value="AmarPIDRWeb" />
    <!--日志文件的保存路径,首先查找系统属性-Dlog.dir,如果存在就使用其；否则，在当前目录下创建名为log目录做日志存放的目录 -->
    <property name="LOG_HOME" value="${log.dir:-/tmp/logs}/${APP_NAME}" />
    <!-- 日志输出格式，其中log_opid、log_userid或取不到，则用占位符-代替 -->
    <property name="ENCODER_PATTERN" value="[%d{yyyy-MM-dd HH:mm:ss.SSS}] [%level] [%thread] [%X{log_opid:--}] [%X{log_userid:--}] %logger{80} - %msg%n" />
    <contextName>${APP_NAME}</contextName>

    <!-- 控制台日志：输出全部日志到控制台 -->
    <appender name="STDOUT" class="ch.qos.logback.core.ConsoleAppender">
        <encoder class="ch.qos.logback.classic.encoder.PatternLayoutEncoder">
            <Pattern>${ENCODER_PATTERN}</Pattern>
        </encoder>
        <filter class="ch.qos.logback.classic.filter.ThresholdFilter">
            <level>debug</level>
        </filter>
    </appender>

    <!-- 文件日志：输出全部日志到文件 -->
    <!-- <appender name="OUTPUT_FILE" class="ch.qos.logback.core.rolling.RollingFileAppender">
        <rollingPolicy class="ch.qos.logback.core.rolling.TimeBasedRollingPolicy">
            <fileNamePattern>${LOG_HOME}/%d{yyyyMMdd}/output.%d{yyyyMMdd}.log</fileNamePattern>
            <maxHistory>7</maxHistory>
        </rollingPolicy>
        <encoder class="ch.qos.logback.classic.encoder.PatternLayoutEncoder">
            <pattern>${ENCODER_PATTERN}</pattern>
        </encoder>
    </appender> -->

    <!-- 文件日志：输出全部日志到文件,指定日志大写 -->
    <appender name="LOG_FIXSIZE" class="ch.qos.logback.core.rolling.RollingFileAppender">
        <file>${LOG_HOME}/${APP_NAME}.log</file>
        <rollingPolicy class="ch.qos.logback.core.rolling.SizeAndTimeBasedRollingPolicy">
            <fileNamePattern>${LOG_HOME}/%d{yyyyMMdd}/${APP_NAME}_%d{yyyyMMdd}.log.%i.zip</fileNamePattern>
            <maxFileSize>20MB</maxFileSize>  
            <maxHistory>7</maxHistory>
            <totalSizeCap>20GB</totalSizeCap>
        </rollingPolicy>
        <encoder class="ch.qos.logback.classic.encoder.PatternLayoutEncoder">
            <pattern>${ENCODER_PATTERN}</pattern>
        </encoder>
    </appender>

    <!-- 错误日志：用于将警告及错误日志输出到独立文件 -->
    <appender name="LOG_WARN" class="ch.qos.logback.core.rolling.RollingFileAppender">
        <rollingPolicy class="ch.qos.logback.core.rolling.TimeBasedRollingPolicy">
            <fileNamePattern>${LOG_HOME}/%d{yyyyMMdd}/${APP_NAME}_warn_%d{yyyyMMdd}.log</fileNamePattern>
            <maxHistory>7</maxHistory>
        </rollingPolicy>
        <encoder class="ch.qos.logback.classic.encoder.PatternLayoutEncoder">
            <pattern>${ENCODER_PATTERN}%caller{4}</pattern>
        </encoder>
        <filter class="ch.qos.logback.classic.filter.ThresholdFilter">
            <level>WARN</level>
        </filter>
    </appender>

    <!-- 按用户输出日志 -->
    <appender name="LOG_USER" class="ch.qos.logback.classic.sift.SiftingAppender">
        <discriminator>
            <Key>log_userid</Key>
            <DefaultValue>unknown</DefaultValue>
        </discriminator>
        <sift>
            <appender name="FILE-${log_userid}"  class="ch.qos.logback.core.rolling.RollingFileAppender">
		        <rollingPolicy class="ch.qos.logback.core.rolling.TimeBasedRollingPolicy">
		            <fileNamePattern>${LOG_HOME}/%d{yyyyMMdd}/${APP_NAME}_user.${log_userid}_%d{yyyyMMdd}.log</fileNamePattern>
		            <maxHistory>7</maxHistory>
		        </rollingPolicy>
		        <encoder class="ch.qos.logback.classic.encoder.PatternLayoutEncoder">
		            <pattern>${ENCODER_PATTERN}</pattern>
		        </encoder>
            </appender>
        </sift>
    </appender>
    
    <logger name="org.apache" level="info" />
    <logger name="org.springframework" level="info" />
    <logger name="net.sf.ehcache" level="info" />
    <logger name="com.zaxxer.hikari" level="info" />
   
    <root level="TRACE">
        <appender-ref ref="STDOUT"/>
        <appender-ref ref="LOG_FIXSIZE" />
        <appender-ref ref="LOG_USER" />
        <appender-ref ref="LOG_WARN" />
    </root>
</configuration>