<?xml version="1.0" encoding="UTF-8"?>
<weblogic-web-app xmlns:wls="http://xmlns.oracle.com/weblogic/weblogic-web-app" xmlns:xsi="http://www.w3.org/2001/XMLSchema-instance"
    xsi:schemaLocation="http://java.sun.com/xml/ns/javaee http://java.sun.com/xml/ns/javaee/web-app_2_5.xsd http://xmlns.oracle.com/weblogic/weblogic-web-app http://xmlns.oracle.com/weblogic/weblogic-web-app/1.0/weblogic-web-app.xsd">
    <weblogic-version>12.2.1.3.0</weblogic-version>
    <container-descriptor>
        <prefer-application-packages>
			<package-name>org.apache.xmlbeans.*</package-name>
			<package-name>org.bouncycastle.*</package-name>
        </prefer-application-packages>
    </container-descriptor>
</weblogic-web-app>
