<?xml version="1.0" encoding="UTF-8" ?>
<ARE>
	<!--系统属性可以做为多种用途的扩展之用,可以放置任意多的属性在此-->
	<SystemProperties>
		<Property name="APP_HOME" value="." />
	    
	    <Property name="com.amarsoft.task.dpx.recordset.UpdateDBHandler.serialCommit" value="true" /> 
	    
		<Property name="PIDR_HOME" value="{$ARE.APP_HOME}" />
		
		<!-- 报文生成路径 -->
		<Property name="REPORT_HOME" value="{$ARE.APP_HOME}/data/export/" />
		
		<Property name="pidr_etc" value="{$ARE.PIDR_HOME}/etc/pidr_inf.xml" />
		
		<Property name="pidr_dataSource" value="pidr" />
		
		<Property name="DBKey.DataSource" value="pidr" />
		
		<!-- 数据库类型  Oracle DB2 MySQL-->
		<Property name="databaseType" value="MySQL" /> 
		<!-- 加载数据文件 -->
		<Property name="datacopy" value="PIDRDataCopyTask" />
		<!-- 数据处理 企业评级信息 -->
		<Property name="preparerate" value="PIDRPrepareRateTask" />
        
		<!-- 数据处理 企业信贷资产信息 -->
		<Property name="preparecreass" value="PIDRPrepareCreassTask" />
		<!-- 数据校验 -->
		<Property name="validate" value="PIDRValidateTask" />
        <!-- 批量评级 -->
        <Property name="rating" value="PIDRRatingTask" />
		<!-- 数据迁移 -->
		<Property name="transfer" value="PIDRTransferTask" />
	    <!-- 生成报文 -->
        <Property name="report" value="PIDRReportTask" />
		<!-- 调用报文预处理 -->
		<Property name="feedenc" value="PIDRFeedbackEncTask" />
		<!-- 调用反馈报文预处理 -->
		<Property name="feedback" value="PIDRFeedbackReportTask" />
		<!-- 确定每天生成报文的顺序号的基础，缺省情况下，报文从1开始，如果要改变顺序，设置下面的参数 -->
		<Property name="baseMessageNumber" value="1" />
		
		<Property name="infLimitNum" value="1000000" />
		<!-- 迁移单元线程提交数 -->
		<Property name="transferCommitNumber" value="2000"/>
		
		<!-- 若bizDate设置为AUTOSELECT时，且当前系统时间早于22：00，则bizdate设为昨天，
		若设置的是具体日期，格式如YYYY/MM/DD ,则bizdate为此具体日期 -->
		<Property name="bizDate" value="2023/03/30" />
		<!-- 接口文件日期，若设置为AUTOSELECT时，且当前系统时间早于22：00，则设为昨天，
		若设置的是具体日期，格式如YYYYMMDD ,则为此具体日期 -->
		<Property name="fileDate" value="20230206" /> 
		<!-- 单法人金融机构号 -->
		<Property name="pidr_FinanceCode" value="A2900309000413" />
		<!-- 信息来源编码  -->
		<Property name="InfSurcCode" value="A2900309000413" />
		<Property name="SessionID" value="0000000000000000" />
		
		<!-- 接口文件存放位置 -->
		<Property name="importFile" value="data/import" />
		<!-- 线程数 -->
		<Property name="threadNumber" value="10" />
		<!-- 预处理工程 -->
		<Property name="client_home" value="F:/workspace/client" />
		
		<!-- metadata路径配置 -->
		<Property name="are.service.METADATA.schemas" value ="{$ARE.APP_HOME}/etc/metadata/pidr_metadata.xml"/>
		<!-- 数据库路径配置 -->
		<Property name="are.service.DBCONNECTION.configurationSource" value ="${CONFDIR}/pidr_dbconfig.xml"/>
	</SystemProperties>
	
	<!-- ARE 服务将在初始化时，被装载-->
	<AREServices>
		<Service id="TASK" initOnStart="false" serviceClass="com.amarsoft.task.TaskManager">
	           <Properties>
	              <Property name="com.amarsoft.task.TaskManager.loaderClass" value="com.amarsoft.task.loader.XMLTaskLoader" />
	              <Property name="throwBuildException" value="true" />
	              <Property name="executeResultEnabled" value="true" />
	              <Property name="fileRecoveryEnabled" value="false" />
	              <Property name="globalTaskListenerClass" value="com.amarsoft.task.listener.DBTaskRecovery" />
	              <Property name="globalTaskListenerClassAttributes" value="breakEnabled=true,hangEnabled=true,historyEnabled=true,hangInterval=20,dataSource=pidr" />
	          </Properties>
	      </Service> 
	</AREServices>
</ARE>