<?xml version="1.0" encoding="UTF-8"?>
<jbo>
  <managers>
        <!-- 必须有一个ID为default的管理器处理一般的类的管理 -->
		<manager id="default" managerClass="com.amarsoft.awe.jboimpl.AWEALSBizObjectManager"> 
			<describe>ALS7全局缺省使用的管理器</describe>
			<managerProperties>
				<property name="database" value="als"/>
				<property name="audit" value="false"/>
				<!-- 表名、字段名的大小写设置，0-mix，1-upper，2-lower ，缺省为0 -->
				<property name="tableNameCase" value="0"/>
				<property name="columnNameCase" value="2"/>
				<!--  
				下面三个属性是ALS管理器生成序列号默认的参数，每个使用这个管理器的类可根据情况copy到自己的类中
				<property name="createKey" value="false"/>
				<property name="keyDatePrefix" value="yyyyMMdd"/>
				<property name="keyNumberLength" value="8"/>
				-->
			</managerProperties>
		</manager>
		
		<manager id="encrypt" managerClass="com.amarsoft.awe.jboimpl.BizObjectManager4Encrypt">
			<describe>使用DES加密算法的管理器</describe>
			<managerProperties>
				<property name="database" value="als"/>
				<property name="audit" value="false"/>
			</managerProperties>
		</manager>
  </managers>
</jbo>

