<?xml version="1.0" encoding="UTF-8"?>
<task name="PIDRReportTask" describe="央行内评数据报文生成任务" recovery="false"  saveHistory="false"  historyFolder="./his">
	<executeUnits>
		<taskContainer name="report" describe="生成报文" taskRef="pool"/>
		
		<executeUnit name="UpdateAmountRecord" describe="报文生成后更新特殊处理记录表" executeClass="com.amarsoft.app.pbc.pidr.report.SyncReportRecordflag" allowManualExecute="true"/>
		
		<executeUnit name ="FileToZip" describe ="压缩上报报文" executeClass = "com.amarsoft.app.pbc.pidr.report.FileToZip" allowManualExecute="true">  
			<extendProperties>
				<property name="unit.sourceFilePath" value="{$ARE.PIDR_HOME}/export/{$ARE.fileDate}"/>
				<property name="unit.zipFilePath" value="{$ARE.PIDR_HOME}/export/reportzip"/>
				<property name="unit.fileName" value="{$ARE.fileDate}"/>
			</extendProperties>
		</executeUnit>
		
		<!-- 更新白名单数据表的批量运行状态 -->
		<executeUnit name="UpdateWhiteListRunStatus" describe="更新白名单数据表运行状态" allowManualExecute="true"  executeClass="com.amarsoft.task.units.dpx.SQLProcess">
				<extendProperties>
				<property name="unit.onErrorAction" value="break"/>
				<property name="unit.logLevel" value="debug"/>
					<property name="unit.script" value="
						connect to {$ARE.pidr_dataSource};&#xA;
						set autocommit false;&#xA;
						update PIDR_WHITELIST PW set RunStatus = '50' where RunStatus = '40' and exists (select 1 from HPIDR_RATE_BS HRB where PW.CustomerId = HRB.CustomerId );&#xA;
						commit;&#xA;
						disconnect;"
					/>
				</extendProperties>
		</executeUnit>	
	</executeUnits>
	<routeMap start="report">
		<route unit="report"  successful="UpdateAmountRecord"/>
		<route unit="UpdateAmountRecord"  successful="UpdateWhiteListRunStatus"/>
	</routeMap>
	<subTasks>
		<subTask name="pool">
			<listeners>
				<listener listenerClass="com.amarsoft.app.pbc.pidr.report.PoolListener" enabled="true"/>
			</listeners>
			<pool taskThreadNumber="10" queueSize="20" startArgName="record" exitOnTaskFailed="true">
       			<producer className="com.amarsoft.app.pbc.pidr.report.ReportProducer">
		           <extendProperties>
		           		<!--是否多法人标志，1：否。2：是。默认单法人机构1。多法人时，Org_info.OrgClass = '020'请注意配置。-->
						<property name="isFlag" value="1" />
		           		<property name="fetchSize" type="INT" value="0" />
		           		<property name="maxRows" type="INT" value="0" />
		           </extendProperties>
      			</producer>
		    </pool>
			<executeUnits>
				<executeUnit name="ReportHandler" describe="待上报数据报文生成" executeClass="com.amarsoft.app.pbc.pidr.report.ReportProcessUnit">
				</executeUnit>
			</executeUnits>
			<routeMap start="ReportHandler"/>
		</subTask>
	</subTasks>   
</task>